<?xml version="1.0" encoding="UTF-8"?>
<GenRun Id="synth_1" LaunchPart="xc7a100tcsg324-1" LaunchTime="1477327803">
  <File Type="RUN-CONSTRS" Name="$PDATADIR/runs/synth_1/constrs_in.xml"/>
  <File Type="RDS-DCP" Name="GPIO_demo.dcp"/>
  <File Type="RUN-SRCS" Name="$PDATADIR/runs/synth_1/sources.xml"/>
  <File Type="RDS-UTIL-PB" Name="GPIO_demo_utilization_synth.pb"/>
  <File Type="RUN-STRAT" Name="$PDATADIR/runs/synth_1/synth_1.psg"/>
  <File Type="PA-TCL" Name="GPIO_demo.tcl"/>
  <File Type="RDS-PROPCONSTRS" Name="GPIO_demo_drc_synth.rpt"/>
  <File Type="RDS-RDS" Name="GPIO_demo.vds"/>
  <File Type="RDS-UTIL" Name="GPIO_demo_utilization_synth.rpt"/>
  <File Type="VDS-TIMINGSUMMARY" Name="GPIO_demo_timing_summary_synth.rpt"/>
  <File Type="VDS-TIMING-PB" Name="GPIO_demo_timing_summary_synth.pb"/>
  <File Type="VDS-HWDEF" Name="GPIO_demo.hwdef"/>
  <FileSet Name="sources" Type="DesignSrcs" RelSrcDir="$PSRCDIR/sources_1">
    <Filter Type="Srcs"/>
    <File Path="$PSRCDIR/sources_1/imports/Nexys4DDR_ISE_Basic/RGB_controller.vhd">
      <FileInfo>
        <Attr Name="ImportPath" Val="$PPRDIR/../Nexys4 Artix7 DDR/Vivado/Nexys4DDR_Vivado_Basic/Nexys4DDR_Vivado_Basic/source/Nexys4DDR_Vivado_Basic/Nexys4DDR_Vivado_Basic.srcs/sources_1/imports/Nexys4DDR_ISE_Basic/RGB_controller.vhd"/>
        <Attr Name="ImportTime" Val="1378247976"/>
        <Attr Name="UsedIn" Val="synthesis"/>
        <Attr Name="UsedIn" Val="simulation"/>
      </FileInfo>
    </File>
    <File Path="$PSRCDIR/sources_1/imports/Nexys4DDR_ISE_Basic/UART_TX_CTRL.vhd">
      <FileInfo>
        <Attr Name="ImportPath" Val="$PPRDIR/../Nexys4 Artix7 DDR/Vivado/Nexys4DDR_Vivado_Basic/Nexys4DDR_Vivado_Basic/source/Nexys4DDR_Vivado_Basic/Nexys4DDR_Vivado_Basic.srcs/sources_1/imports/Nexys4DDR_ISE_Basic/UART_TX_CTRL.vhd"/>
        <Attr Name="ImportTime" Val="1378247964"/>
        <Attr Name="UsedIn" Val="synthesis"/>
        <Attr Name="UsedIn" Val="simulation"/>
      </FileInfo>
    </File>
    <File Path="$PSRCDIR/sources_1/imports/Nexys4DDR_ISE_Basic/debouncer.vhd">
      <FileInfo>
        <Attr Name="ImportPath" Val="$PPRDIR/../Nexys4 Artix7 DDR/Vivado/Nexys4DDR_Vivado_Basic/Nexys4DDR_Vivado_Basic/source/Nexys4DDR_Vivado_Basic/Nexys4DDR_Vivado_Basic.srcs/sources_1/imports/Nexys4DDR_ISE_Basic/debouncer.vhd"/>
        <Attr Name="ImportTime" Val="1378247986"/>
        <Attr Name="UsedIn" Val="synthesis"/>
        <Attr Name="UsedIn" Val="simulation"/>
      </FileInfo>
    </File>
    <File Path="$PSRCDIR/sources_1/imports/Nexys4DDR_ISE_Basic/GPIO_Demo.vhd">
      <FileInfo>
        <Attr Name="ImportPath" Val="$PPRDIR/../Nexys4 Artix7 DDR/Vivado/Nexys4DDR_Vivado_Basic/Nexys4DDR_Vivado_Basic/source/Nexys4DDR_Vivado_Basic/Nexys4DDR_Vivado_Basic.srcs/sources_1/imports/Nexys4DDR_ISE_Basic/GPIO_Demo.vhd"/>
        <Attr Name="ImportTime" Val="1418252022"/>
        <Attr Name="UsedIn" Val="synthesis"/>
        <Attr Name="UsedIn" Val="simulation"/>
      </FileInfo>
    </File>
    <Config>
      <Option Name="DesignMode" Val="RTL"/>
      <Option Name="TopModule" Val="GPIO_demo"/>
      <Option Name="TopAutoSet" Val="TRUE"/>
    </Config>
  </FileSet>
  <FileSet Name="constrs_in" Type="Constrs" RelSrcDir="$PSRCDIR/constrs_1">
    <Filter Type="Constrs"/>
    <File Path="$PSRCDIR/constrs_1/imports/final_projects/Nexys4DDR_Master.xdc">
      <FileInfo>
        <Attr Name="ImportPath" Val="$PPRDIR/../Nexys4 Artix7 DDR/Vivado/Nexys4DDR_Vivado_Basic/Nexys4DDR_Vivado_Basic/source/Nexys4DDR_Vivado_Basic/Nexys4DDR_Vivado_Basic.srcs/constrs_1/imports/final_projects/Nexys4DDR_Master.xdc"/>
        <Attr Name="ImportTime" Val="1418252736"/>
        <Attr Name="UsedIn" Val="synthesis"/>
        <Attr Name="UsedIn" Val="implementation"/>
      </FileInfo>
    </File>
    <Config>
      <Option Name="ConstrsType" Val="XDC"/>
    </Config>
  </FileSet>
  <Strategy Version="1" Minor="2">
    <StratHandle Name="Vivado Synthesis Defaults" Flow="Vivado Synthesis 2014"/>
    <Step Id="synth_design"/>
  </Strategy>
</GenRun>
