<?xml version="1.0" encoding="UTF-8"?>
<GenRun Id="impl_1" LaunchPart="xc7a100tcsg324-1" LaunchTime="1477328521">
  <File Type="PWROPT-DCP" Name="GPIO_demo_pwropt.dcp"/>
  <File Type="RUN-CONSTRS" Name="$PDATADIR/runs/impl_1/constrs_in.xml"/>
  <File Type="PLACE-DCP" Name="GPIO_demo_placed.dcp"/>
  <File Type="RUN-SRCS" Name="$PDATADIR/runs/impl_1/sources.xml"/>
  <File Type="PWROPT-DRC" Name="GPIO_demo_drc_pwropted.rpt"/>
  <File Type="ROUTE-TIMINGSUMMARY" Name="GPIO_demo_timing_summary_routed.rpt"/>
  <File Type="PA-TCL" Name="GPIO_demo.tcl"/>
  <File Type="RUN-STRAT" Name="$PDATADIR/runs/impl_1/impl_1.psg"/>
  <File Type="OPT-DCP" Name="GPIO_demo_opt.dcp"/>
  <File Type="OPT-DRC" Name="GPIO_demo_drc_opted.rpt"/>
  <File Type="PLACE-IO" Name="GPIO_demo_io_placed.rpt"/>
  <File Type="PLACE-CLK" Name="GPIO_demo_clock_utilization_placed.rpt"/>
  <File Type="PLACE-UTIL" Name="GPIO_demo_utilization_placed.rpt"/>
  <File Type="PLACE-UTIL-PB" Name="GPIO_demo_utilization_placed.pb"/>
  <File Type="PLACE-CTRL" Name="GPIO_demo_control_sets_placed.rpt"/>
  <File Type="PLACE-SIMILARITY" Name="GPIO_demo_incremental_reuse_placed.rpt"/>
  <File Type="PLACE-PRE-SIMILARITY" Name="GPIO_demo_incremental_reuse_pre_placed.rpt"/>
  <File Type="POSTPLACE-PWROPT-DCP" Name="GPIO_demo_postplace_pwropt.dcp"/>
  <File Type="PHYSOPT-DCP" Name="GPIO_demo_physopt.dcp"/>
  <File Type="PHYSOPT-DRC" Name="GPIO_demo_drc_physopted.rpt"/>
  <File Type="ROUTE-DCP" Name="GPIO_demo_routed.dcp"/>
  <File Type="ROUTE-DRC" Name="GPIO_demo_drc_routed.rpt"/>
  <File Type="ROUTE-DRC-PB" Name="GPIO_demo_drc_routed.pb"/>
  <File Type="ROUTE-PWR" Name="GPIO_demo_power_routed.rpt"/>
  <File Type="ROUTE-PWR-SUM" Name="GPIO_demo_power_summary_routed.pb"/>
  <File Type="ROUTE-STATUS" Name="GPIO_demo_route_status.rpt"/>
  <File Type="ROUTE-STATUS-PB" Name="GPIO_demo_route_status.pb"/>
  <File Type="ROUTE-TIMING-PB" Name="GPIO_demo_timing_summary_routed.pb"/>
  <File Type="ROUTE-TIMING-RPX" Name="GPIO_demo_timing_summary_routed.rpx"/>
  <File Type="ROUTE-SIMILARITY" Name="GPIO_demo_incremental_reuse_routed.rpt"/>
  <File Type="POSTROUTE-PHYSOPT-DCP" Name="GPIO_demo_postroute_physopt.dcp"/>
  <File Type="RDI-RDI" Name="GPIO_demo.vdi"/>
  <File Type="POSTROUTE-PHYSOPT-TIMING" Name="GPIO_demo_timing_summary_postroute_physopted.rpt"/>
  <File Type="POSTROUTE-PHYSOPT-TIMING-PB" Name="GPIO_demo_timing_summary_postroute_physopted.pb"/>
  <File Type="POSTROUTE-PHYSOPT-TIMING-RPX" Name="GPIO_demo_timing_summary_postroute_physopted.rpx"/>
  <File Type="BG-BIT" Name="GPIO_demo.bit"/>
  <File Type="BG-BIN" Name="GPIO_demo.bin"/>
  <File Type="BITSTR-MSK" Name="GPIO_demo.msk"/>
  <File Type="BITSTR-RBT" Name="GPIO_demo.rbt"/>
  <File Type="BITSTR-NKY" Name="GPIO_demo.nky"/>
  <File Type="BITSTR-BMM" Name="GPIO_demo_bd.bmm"/>
  <File Type="BITSTR-MMI" Name="GPIO_demo.mmi"/>
  <File Type="BITSTR-SYSDEF" Name="GPIO_demo.sysdef"/>
  <File Type="BG-BGN" Name="GPIO_demo.bgn"/>
  <File Type="BG-DRC" Name="GPIO_demo.drc"/>
  <File Type="WBT-USG" Name="usage_statistics_webtalk.html"/>
  <FileSet Name="sources" Type="DesignSrcs" RelSrcDir="$PSRCDIR/sources_1">
    <Filter Type="Srcs"/>
    <File Path="$PSRCDIR/sources_1/imports/Nexys4DDR_ISE_Basic/RGB_controller.vhd">
      <FileInfo>
        <Attr Name="ImportPath" Val="$PPRDIR/../Nexys4 Artix7 DDR/Vivado/Nexys4DDR_Vivado_Basic/Nexys4DDR_Vivado_Basic/source/Nexys4DDR_Vivado_Basic/Nexys4DDR_Vivado_Basic.srcs/sources_1/imports/Nexys4DDR_ISE_Basic/RGB_controller.vhd"/>
        <Attr Name="ImportTime" Val="1378247976"/>
        <Attr Name="UsedIn" Val="synthesis"/>
        <Attr Name="UsedIn" Val="simulation"/>
      </FileInfo>
    </File>
    <File Path="$PSRCDIR/sources_1/imports/Nexys4DDR_ISE_Basic/UART_TX_CTRL.vhd">
      <FileInfo>
        <Attr Name="ImportPath" Val="$PPRDIR/../Nexys4 Artix7 DDR/Vivado/Nexys4DDR_Vivado_Basic/Nexys4DDR_Vivado_Basic/source/Nexys4DDR_Vivado_Basic/Nexys4DDR_Vivado_Basic.srcs/sources_1/imports/Nexys4DDR_ISE_Basic/UART_TX_CTRL.vhd"/>
        <Attr Name="ImportTime" Val="1378247964"/>
        <Attr Name="UsedIn" Val="synthesis"/>
        <Attr Name="UsedIn" Val="simulation"/>
      </FileInfo>
    </File>
    <File Path="$PSRCDIR/sources_1/imports/Nexys4DDR_ISE_Basic/debouncer.vhd">
      <FileInfo>
        <Attr Name="ImportPath" Val="$PPRDIR/../Nexys4 Artix7 DDR/Vivado/Nexys4DDR_Vivado_Basic/Nexys4DDR_Vivado_Basic/source/Nexys4DDR_Vivado_Basic/Nexys4DDR_Vivado_Basic.srcs/sources_1/imports/Nexys4DDR_ISE_Basic/debouncer.vhd"/>
        <Attr Name="ImportTime" Val="1378247986"/>
        <Attr Name="UsedIn" Val="synthesis"/>
        <Attr Name="UsedIn" Val="simulation"/>
      </FileInfo>
    </File>
    <File Path="$PSRCDIR/sources_1/imports/Nexys4DDR_ISE_Basic/GPIO_Demo.vhd">
      <FileInfo>
        <Attr Name="ImportPath" Val="$PPRDIR/../Nexys4 Artix7 DDR/Vivado/Nexys4DDR_Vivado_Basic/Nexys4DDR_Vivado_Basic/source/Nexys4DDR_Vivado_Basic/Nexys4DDR_Vivado_Basic.srcs/sources_1/imports/Nexys4DDR_ISE_Basic/GPIO_Demo.vhd"/>
        <Attr Name="ImportTime" Val="1418252022"/>
        <Attr Name="UsedIn" Val="synthesis"/>
        <Attr Name="UsedIn" Val="simulation"/>
      </FileInfo>
    </File>
    <Config>
      <Option Name="DesignMode" Val="RTL"/>
      <Option Name="TopModule" Val="GPIO_demo"/>
      <Option Name="TopAutoSet" Val="TRUE"/>
    </Config>
  </FileSet>
  <FileSet Name="constrs_in" Type="Constrs" RelSrcDir="$PSRCDIR/constrs_1">
    <Filter Type="Constrs"/>
    <File Path="$PSRCDIR/constrs_1/imports/final_projects/Nexys4DDR_Master.xdc">
      <FileInfo>
        <Attr Name="ImportPath" Val="$PPRDIR/../Nexys4 Artix7 DDR/Vivado/Nexys4DDR_Vivado_Basic/Nexys4DDR_Vivado_Basic/source/Nexys4DDR_Vivado_Basic/Nexys4DDR_Vivado_Basic.srcs/constrs_1/imports/final_projects/Nexys4DDR_Master.xdc"/>
        <Attr Name="ImportTime" Val="1418252736"/>
        <Attr Name="UsedIn" Val="synthesis"/>
        <Attr Name="UsedIn" Val="implementation"/>
      </FileInfo>
    </File>
    <Config>
      <Option Name="ConstrsType" Val="XDC"/>
    </Config>
  </FileSet>
  <Strategy Version="1" Minor="2">
    <StratHandle Name="Vivado Implementation Defaults" Flow="Vivado Implementation 2014"/>
    <Step Id="init_design"/>
    <Step Id="opt_design"/>
    <Step Id="power_opt_design"/>
    <Step Id="place_design"/>
    <Step Id="post_place_power_opt_design"/>
    <Step Id="phys_opt_design"/>
    <Step Id="route_design"/>
    <Step Id="post_route_phys_opt_design"/>
    <Step Id="write_bitstream"/>
  </Strategy>
</GenRun>
