<?xml version="1.0" encoding="UTF-8"?>
<hwsession version="1" minor="1">
  <device name="xc7a100t_0" gui_info=""/>
  <ObjectList object_type="hw_device" gui_info="">
    <Object name="xc7a100t_0" gui_info="">
      <Properties Property="PROBES.FILE" value="Vivado_Nexys4DDR_Demo.runs/impl_1/debug_nets.ltx"/>
      <Properties Property="PROGRAM.HW_BITSTREAM" value="Vivado_Nexys4DDR_Demo.runs/impl_1/GPIO_demo.bit"/>
    </Object>
  </ObjectList>
  <probeset name="hw project" active="false"/>
</hwsession>
